nama_jurnal,url,sinta_grade,subject_area
JURNAL ILMIAH MANAJEMEN & BISNIS,http://jurnal.umsu.ac.id/index.php/mbisnis,3,Science
TMJ (Technomedia Journal),http://ijc.ilearning.co/index.php/TMJ/issue/archive,3,"Science, Education"
Tadrib: Jurnal Pendidikan Agama Islam,http://jurnal.radenfatah.ac.id/index.php/Tadrib,3,"Science, Education, Social, Engineering"
Jesya (Jurnal Ekonomi dan Ekonomi Syariah),https://stiealwashliyahsibolga.ac.id/jurnal,3,Science
IT Journal Research and Development,https://journal.uir.ac.id/index.php/ITJRD,3,"Science, Engineering"
Media Pendidikan Matematika,https://e-journal.undikma.ac.id/index.php/jmpm,3,"Science, Education, Social"
JEPIN (Jurnal Edukasi dan Penelitian Informatika),http://jurnal.untan.ac.id/index.php/jepin/index,3,"Science, Education"
Jurnal Ilmiah Manajemen Kontigensi,http://jurnal.dim-unpas.web.id/index.php/JIMK/issue/archive,3,Science
Jurnal Sains dan Edukasi Sains,https://ejournal.uksw.edu/juses,3,"Science, Education"
Jurnal Biotek,http://journal.uin-alauddin.ac.id/index.php/biotek/index,3,"Science, Education, Agriculture"
Jurnal Manajemen Motivasi,http://openjurnal.unmuhpnk.ac.id/index.php/jm_motivasi,3,"Economy, Science"
Jurnal Sisfokom (Sistem Informasi dan Komputer),http://jurnal.atmaluhur.ac.id/index.php/sisfokom/index,3,"Science, Engineering"
Didaktika Tauhidi: Jurnal Pendidikan Guru Sekolah Dasar,https://ojs.unida.ac.id/jtdik/issue/view/307,3,"Science, Education, Social"
Jurnal Informatika: Jurnal Pengembangan IT,https://ejournal.poltekharber.ac.id/index.php/informatika,3,"Science, Engineering"
Owner : Riset dan Jurnal Akuntansi,https://owner.polgan.ac.id/index.php/owner/index,3,"Economy, Science, Education, Social"
Psikobuletin: Jurnal Ilmiah Psikologi,http://ejournal.uin-suska.ac.id/index.php/Psikobuletin,3,"Religion, Humanities, Science, Education, Social"
IJIE (Indonesian Journal of Informatics Education),https://jurnal.uns.ac.id/ijie,3,"Science, Education, Engineering"
Krisna: Kumpulan Riset Akuntansi,http://ejournal.warmadewa.ac.id/index.php/krisna,3,"Economy, Science"
IJNMT (International Journal of New Media Technology),https://ejournals.umn.ac.id/index.php/IJNMT/issue/archive,3,Science
METIK JURNAL,https://journal.universitasmulia.ac.id/index.php/metik,3,Science
ASEAN Journal of Science and Engineering Education (AJSEE),https://ejournal.upi.edu/index.php/AJSEE,3,"Science, Education, Engineering"
(JPFT) Jurnal Pendidikan Fisika dan Teknologi,http://jurnalfkip.unram.ac.id/index.php/JPFT/index,3,"Science, Education"
Benefit: Jurnal Manajemen dan Bisnis,https://journals2.ums.ac.id/index.php/benefit,3,"Economy, Science"
Journal Emerging Technologies in Education,https://research.adra.ac.id/index.php/jete,3,"Science, Education"
Jurnal Kesehatan Vokasional,https://jurnal.ugm.ac.id/jkesvo,3,"Health, Science, Education"
Edufisika: Jurnal Pendidikan Fisika,https://online-journal.unja.ac.id/index.php/EDP,3,"Science, Education"
Jurnal Ilmiah Teknik Elektro Komputer dan Informatika (JITEKI),http://journal.uad.ac.id/index.php/JITEKI,3,"Science, Engineering"
"Electronic Journal of Education, Social Economics and Technology",https://ejeset.saintispub.com,3,"Religion, Economy, Humanities, Health, Science, Education, Art, Social, Engineering"
Jurnal Teknoif Teknik Informatika Institut Teknologi Padang,https://teknoif.itp.ac.id/index.php/teknoif/index,3,"Science, Engineering"
Journal of Aquaculture and Enviroment,https://journal.unibos.ac.id/jae,3,"Science, Agriculture, Social, Engineering"
Rabit : Jurnal Teknologi dan Sistem Informasi Univrab,http://jurnal.univrab.ac.id/index.php/rabit/index,3,"Science, Engineering"
Media Komunikasi Geografi,https://ejournal.undiksha.ac.id/index.php/MKG/issue/archive,3,Science
JITE (JOURNAL OF INFORMATICS AND TELECOMMUNICATION ENGINEERING),https://ojs.uma.ac.id/index.php/jite,3,"Science, Engineering"
Islamic Economics Journal,https://ejournal.unida.gontor.ac.id/index.php/JEI/index,3,"Economy, Humanities, Science, Social"
International Journal of Industrial Optimization (IJIO),http://journal2.uad.ac.id/index.php/ijio/index,3,"Science, Engineering"
Media Riset Bisnis & Manajemen,https://e-journal.trisakti.ac.id/index.php/mrbm,3,Science
Journal of Computers and Digital Business,https://jurnal.delitekno.co.id/index.php/jcbd,3,Science
Lectura : Jurnal Pendidikan,http://journal.unilak.ac.id/index.php/lectura,3,"Humanities, Science, Education, Art, Social"
Scientechno: Journal of Science and Technology,https://research.adra.ac.id/index.php/Scientechno,3,"Science, Education, Social"
Sinkron : Jurnal dan Penelitian Teknik Informatika,http://jurnal.polgan.ac.id/index.php/sinkron,3,"Science, Education, Engineering"
NUSRA: Jurnal Penelitian dan Ilmu Pendidikan,https://ejournal.nusantaraglobal.ac.id/index.php/nusra/index,3,"Health, Science, Education, Agriculture, Engineering"
Jurnal Sains dan Kesehatan,https://jsk.ff.unmul.ac.id/index.php/JSK,3,"Health, Science, Agriculture"
Jurnal Tekstil: Jurnal Keilmuan dan Aplikasi Bidang Tekstil dan Manajemen lndustri,https://jute.ak-tekstilsolo.ac.id/index.php/jurnal,3,"Science, Engineering"
Journal of Wetlands Environmental Management,http://ijwem.unlam.ac.id/index.php/ijwem,3,"Science, Social"
International Journal of Recent Technology and Applied Science (IJORTAS),https://lamintang.org/journal/index.php/ijortas,3,"Science, Engineering"
Tourism Scientific Journal,http://www.jurnal.stiepar.ac.id/index.php/tsj,3,"Economy, Humanities, Science, Education, Social"
Jurnal Informatika,http://ejournal.bsi.ac.id/ejurnal/index.php/ji,3,"Science, Engineering"
International Journal of Education,http://ejournal.upi.edu/index.php/ije/issue/view/1143,3,"Humanities, Science, Education, Art, Social"
Muhammadiyah Journal of Nutrition and Food Science (MJNF),https://jurnal.umj.ac.id/index.php/MJNF,3,"Health, Science"
Jurnal Ilmiah Informatika Komputer,https://ejournal.gunadarma.ac.id/index.php/infokom,3,Science
JURNAL RISET DAN APLIKASI: AKUNTANSI DAN MANAJEMEN,http://jraam.polinema.ac.id/index.php/jraam1/index,3,"Economy, Science, Social"
JIPI (Jurnal Ilmiah Penelitian dan Pembelajaran Informatika),https://jurnal.stkippgritulungagung.ac.id/index.php/jipi,3,"Science, Education"
Jurnal Nasional Teknologi dan Sistem Informasi (TEKNOSI),https://teknosi.fti.unand.ac.id/index.php/teknosi/issue/archive,3,Science
Teknika,https://ejournal.ikado.ac.id/index.php/teknika,3,Science
International Journal of Chemistry Education Research,http://journal.uii.ac.id/IJCER,3,"Science, Education, Social"
Jurnal Pelita PAUD,http://jurnal.upmk.ac.id/index.php/pelitapaud/issue/archive,3,"Science, Education"
Jurnal Geologi dan Sumberdaya Mineral (Journal of Geology and Mineral Resources),http://jgsm.geologi.esdm.go.id/index.php/JGSM,3,"Science, Education, Social, Engineering"
ISM (Intisari Sains Medis) : Jurnal Kedokteran,http://isainsmedis.id,3,"Health, Science"
Jurnal Sistem Cerdas,https://apic.id/jurnal/index.php/jsc,3,"Science, Education, Engineering"
MATRIX - Jurnal Manajemen Teknologi dan Informatika,http://ojs2.pnb.ac.id/index.php/matrix,3,"Science, Engineering"
Jurnal Fitofarmaka Indonesia,http://jurnal.farmasi.umi.ac.id/index.php/fitofarmakaindo/issue/archive,3,"Health, Science"
Jurnal Fisika Flux: Jurnal Ilmiah Fisika FMIPA Universitas Lambung Mangkurat,http://ppjp.ulm.ac.id/journal/index.php/f,3,"Science, Education"
Jurnal Manajemen (Edisi Elektronik),http://ejournal.uika-bogor.ac.id/index.php/manajemen/index,3,Science
"Journal of Indonesian Tourism, Hospitality and Recreation",https://ejournal.upi.edu/index.php/Jithor,3,"Health, Science, Education, Social"
Jurnal AKSI (Akuntansi dan Sistem Informasi),http://journal.pnm.ac.id/index.php/aksi,3,"Economy, Science"
Jurnal Riset dan Kajian Pendidikan Fisika,https://journal1.uad.ac.id/index.php/JRKPF/index,3,"Science, Education"
Petra International journal of Business Studies (IJBS),http://ijbs.petra.ac.id,3,"Economy, Science"
Digital Zone: Jurnal teknologi informasi dan Komunikasi,https://journal.unilak.ac.id/index.php/dz/issue/archive,3,"Science, Engineering"
JTERA (Jurnal Teknologi Rekayasa),http://jtera.polteksmi.ac.id,3,"Science, Engineering"
Rekayasa,https://journal.trunojoyo.ac.id/rekayasa,3,"Science, Agriculture, Engineering"
Molecular and Cellular Biomedical Sciences (MCBS),https://cellbiopharm.com/ojs/index.php/MCBS,3,"Health, Science"
JUTI: Jurnal Ilmiah Teknologi Informasi,http://juti.if.its.ac.id/index.php/juti,3,"Health, Science, Education"
Jurnal ARSI : Administrasi Rumah Sakit Indonesia,https://scholarhub.ui.ac.id/arsi,3,"Health, Science, Social"
JBMR: Journal of Business and Management Review,https://profesionalmudacendekia.com/index.php/jbmr,3,"Economy, Science, Social"
Jurnal Ilmu dan Teknologi Kelautan Tropis,http://journal.ipb.ac.id/index.php/jurnalikt,3,Science
Jurnal Mina Sains,http://ojs.unida.ac.id/index.php/jmss,3,"Science, Agriculture"
Eduvest - Journal of Universal Studies,https://eduvest.greenvest.co.id/index.php/edv,3,"Health, Science, Social, Engineering"
International Journal of Engineering Continuity,https://ejournal.sultanpublisher.com/index.php/ijec,3,"Science, Engineering"
Jurnal Informatika dan Rekayasa Perangkat Lunak,https://publikasiilmiah.unwahas.ac.id/index.php/JINRPL,3,Science
"JBMP (Jurnal Bisnis, Manajemen dan Perbankan)",https://jbmp.umsida.ac.id/index.php/jbmp,3,"Economy, Science"
Procedia : Studi Kasus dan Intervensi Psikologi,https://ejournal.umm.ac.id/index.php/procedia,3,"Humanities, Health, Science, Education, Social"
Jurnal Pendidikan Informatika dan Sains,https://journal.ikippgriptk.ac.id/index.php/saintek,3,"Science, Engineering"
JuTISI (Jurnal Teknik Informatika dan Sistem Informasi),https://journal.maranatha.edu/index.php/jutisi,3,Science
Jurnal Nusantara Aplikasi Manajemen Bisnis,http://ojs.unpkediri.ac.id/index.php/manajemen,3,"Economy, Science"
JOURNAL OF EDUCATIONAL SCIENCES,https://jes.ejournal.unri.ac.id/index.php/JES,3,"Religion, Humanities, Science, Education"
Jurnal Algoritma,https://jurnal.itg.ac.id/index.php/algoritma,3,Science
Biota Jurnal Ilmiah Ilmu-Ilmu Hayati,https://ojs.uajy.ac.id/index.php/biota,3,"Science, Agriculture"
Jurnal ULTIMA InfoSys,http://ejournals.umn.ac.id/index.php/SI,3,Science
JRST (Jurnal Riset Sains dan Teknologi),https://jurnalnasional.ump.ac.id/index.php/JRST,3,"Science, Engineering"
Jurnal Teknik Mesin,https://jurnalmesin.petra.ac.id/index.php/mes/index,3,"Science, Engineering"
JOURNAL OF APPLIED INFORMATICS AND COMPUTING,https://jurnal.polibatam.ac.id/index.php/JAIC,3,Science
Jurnal Farmasi Sains dan Praktis,http://journal.ummgl.ac.id/index.php/pharmacy/issue/archive,3,"Health, Science"
Syifa' MEDIKA: Jurnal Kedokteran dan Kesehatan,https://jurnal.um-palembang.ac.id/syifamedika,3,"Health, Science"
Journal of Applied Geospatial Information (JAGI),http://jurnal.polibatam.ac.id/index.php/JAGI/issue/archive,3,"Science, Social, Engineering"
Indonesian Management and Accounting Research,https://e-journal.trisakti.ac.id/index.php/imar,3,"Economy, Science, Social"
PIKSEL : Penelitian Ilmu Komputer Sistem Embedded and Logic,https://jurnal.unismabekasi.ac.id/index.php/piksel,3,Science
Eduproxima : Jurnal Ilmiah Pendidikan IPA,https://jurnal.stkippgritulungagung.ac.id/index.php/eduproxima,3,"Science, Education"
Angkasa: Jurnal Ilmiah Bidang Teknologi,http://ejournals.itda.ac.id/index.php/angkasa/index,3,Science
e-Jurnal Apresiasi Ekonomi,http://stiepasaman.ac.id/ojsapresiasiekonomi/index.php/apresiasiekonomi,3,"Economy, Science"
JURNAL DIVERSITA,http://ojs.uma.ac.id/index.php/diversita,3,"Science, Education, Social"
JURNAL INSTEK (Informatika Sains dan Teknologi),http://journal.uin-alauddin.ac.id/index.php/instek,3,"Science, Engineering"
BAREKENG: Jurnal Ilmu Matematika dan Terapan,https://ojs3.unpatti.ac.id/index.php/barekeng/issue/archive,3,"Science, Education, Engineering"
Jurnal Teknologi Pertanian Andalas,http://tpa.fateta.unand.ac.id/index.php/JTPA,3,"Science, Agriculture"
Jurnal Locus Penelitian dan Pengabdian,https://locus.rivierapublishing.id/index.php/jl,3,"Science, Education, Engineering"
Jurnal Manajemen Transportasi & Logistik (JMTRANSLOG),https://journal.itltrisakti.ac.id/index.php/jmtranslog,3,"Science, Engineering"
JIPFRI (Jurnal Inovasi Pendidikan Fisika dan Riset Ilmiah),https://journal.unuha.ac.id/index.php/JIPFRI,3,"Science, Education"
Indonesian Journal of Fundamental and Applied Chemistry,http://ijfac.unsri.ac.id/index.php/ijfac/index,3,"Science, Social"
Al-Kimia,http://journal.uin-alauddin.ac.id/index.php/al-kimia/index,3,Science
Almana : Jurnal Manajemen dan Bisnis,http://journalfeb.unla.ac.id/index.php/almana,3,"Economy, Science"
JEP (Jurnal Eksakta Pendidikan),http://jep.ppj.unp.ac.id/index.php/jep,3,"Science, Education, Agriculture"
"JASa (Jurnal Akuntansi, Audit dan Sistem Informasi Akuntansi)",http://journalfeb.unla.ac.id/index.php/jasa,3,"Economy, Science"
JIKO (Jurnal Informatika dan Komputer),http://ejournal.unkhair.ac.id/index.php/jiko/issue/archive,3,Science
Sistemasi: Jurnal Sistem Informasi,http://sistemasi.ftik.unisi.ac.id/index.php/stmsi,3,"Science, Engineering"
"BIOLINK (Jurnal Biologi Lingkungan, Industri, Kesehatan)",http://ojs.uma.ac.id/index.php/biolink,3,"Science, Agriculture"
Indonesian Journal of Limnology,http://inajl.org/index.php/inajl,3,"Science, Social, Engineering"
Media Ekonomi dan Manajemen,http://jurnal.untagsmg.ac.id/index.php/fe,3,"Economy, Science, Education"
JiTEKH (Jurnal Ilmiah Teknologi Harapan),https://jurnal.harapan.ac.id/index.php/Jitekh,3,"Science, Engineering"
Indonesian Journal of Science and Education,https://journal.untidar.ac.id/index.php/ijose,3,"Science, Education, Social"
INSECTA: Integrative Science Education and Teaching Activity Journal,https://jurnal.iainponorogo.ac.id/index.php/insecta,3,"Science, Education, Agriculture, Social"
Multitek Indonesia : Jurnal Ilmiah,http://journal.umpo.ac.id/index.php/multitek,3,"Science, Engineering"
LANTANIDA JOURNAL,https://jurnal.ar-raniry.ac.id/index.php/lantanida/issue/archive,3,"Science, Education, Engineering"
Agrica: Journal of Sustainable Dryland Agriculture,http://e-journal.uniflor.ac.id/index.php/Agr,3,"Science, Agriculture"
Jurnal Kependidikan: Penelitian Inovasi Pembelajaran,https://journal.uny.ac.id/index.php/jk,3,"Science, Education"
Bulletin of Network Engineer and Informatics (BUFNETS),https://bufnets.tech/index.php/bufnets,3,Science
Journal of Management and Business Review,http://www.jmbr.ppm-school.ac.id/index.php/jmbr,3,"Economy, Science, Social"
Jurnal Kimia dan Kemasan,http://ejournal.kemenperin.go.id/jkk/index,3,Science
Jurnal Teknologi Pangan dan Gizi,https://journal.ukwms.ac.id/index.php/JTPG/index,3,Science
Jurnal Transformatika,http://journals.usm.ac.id/index.php/transformatika,3,Science
JURNAL ILMIAH PETERNAKAN TERPADU,http://jurnal.fp.unila.ac.id/index.php/JIPT/issue/archive,3,"Science, Education"
Jurnal ILMU DASAR,https://jurnal.unej.ac.id/index.php/JID/index,3,"Science, Education"
Amal Ilmiah : Jurnal Pengabdian Kepada Masyarakat,https://amalilmiah.uho.ac.id/index.php/journal,3,"Economy, Science, Education, Social, Engineering"
Jurnal Ilmiah Administrasi Publik,https://jiap.ub.ac.id/index.php/jiap,3,Science
Jurnal Teknologi dan Industri Pertanian Indonesia,https://jurnal.usk.ac.id/TIPI/index,3,"Science, Agriculture, Engineering"
INVOTEK: Jurnal Inovasi Vokasional dan Teknologi,http://invotek.ppj.unp.ac.id/index.php/invotek/issue/view/5,3,"Science, Engineering"
JURNAL PENDIDIKAN SAINS (JPS) UNIVERSITAS MUHAMMADIYAH SEMARANG,http://jurnal.unimus.ac.id/index.php/JPKIMIA/index,3,"Science, Education"
Scientific Journal of Mechanical Engineering Kinematika,https://kinematika.ulm.ac.id/index.php/kinematika,3,"Science, Engineering"
Jurnal Fisika Unand,http://jfu.fmipa.unand.ac.id/index.php/jfu,3,"Science, Engineering"
Fullerene Journal of Chemistry,https://indochembull.com/index.php/fulerene,3,"Health, Science"
SPEKTRA: Jurnal Fisika dan Aplikasinya,https://journal.unj.ac.id/unj/index.php/spektra/index,3,"Science, Engineering"
Jurnal Ilmiah Kedokteran Wijaya Kusuma,https://journal.uwks.ac.id/index.php/jikw,3,"Health, Science"
Journal of Global Sustainable Agriculture (JGSA),https://ojs.um-palembang.ac.id/index.php/JGSA,3,"Science, Agriculture, Social, Engineering"
"Journal of Ocean, Mechanical and Aerospace -science and engineering- (JOMAse)",https://isomase.org/Journals/index.php/jomase,3,"Science, Engineering"
Journal Pharmaceutical And Sciences,https://journal-jps.com/new/index.php/jps,3,"Health, Science, Agriculture, Engineering"
Zona Laut : Jurnal Inovasi Sains dan Teknologi Kelautan,https://journal.unhas.ac.id/index.php/zonalaut,3,"Science, Engineering"
AGROSAINSTEK: Jurnal Ilmu dan Teknologi Pertanian,http://agrosainstek.ubb.ac.id/index.php/agrosainstek/index,3,"Science, Agriculture, Social"
Informatika Mulawarman,http://e-journals.unmul.ac.id/index.php/JIM,3,Science
Jurnal Penelitian Hasil Hutan,https://ejournal.brin.go.id/jphh,3,"Science, Agriculture"
"TELKA : Jurnal Telekomunikasi, Elektronika, Komputasi dan Kontrol",http://telka.ee.uinsgd.ac.id/index.php/TELKA/index,3,"Science, Engineering"
CSRID (Computer Science Research and Its Development Journal),http://csrid.potensi-utama.ac.id/index.php/CSRID,3,Science
DiA: Jurnal Administrasi Publik,https://jurnal.untag-sby.ac.id/index.php/dia,3,"Humanities, Science, Social"
Dinamika Teknik Mesin : Jurnal Keilmuan dan Terapan Teknik Mesin,https://dinamika.unram.ac.id/index.php/DTM,3,"Science, Engineering"
MAHATANI: Jurnal Agribisnis (Agribusiness and Agricultural Economics Journal),https://journal.uniga.ac.id/index.php/MJA,3,"Economy, Science, Agriculture, Social"
Journal of Chemical Process Engineering,https://jurnal.teknologiindustriumi.ac.id/index.php/JCPE/issue/archive,3,"Science, Social, Engineering"
Jurnal Pendidikan Fisika,http://jurnal.unimed.ac.id/2012/index.php/jpf/index,3,"Science, Education"
Logic : Jurnal Rancang Bangun dan Teknologi,https://ojs2.pnb.ac.id/index.php/LOGIC,3,"Science, Education"
CCIT (Creative Communication and Innovative Technology) Journal,http://ejournal.raharja.ac.id/index.php/ccit/index,3,Science
Jurnal Biomedika dan Kesehatan,https://jbiomedkes.org/index.php/jbk,3,"Health, Science"
Journal of Biology Education,https://journal.unnes.ac.id/journals/ujbe,3,"Science, Education"
Wahana Fisika : Jurnal Fisika dan Terapannya,http://ejournal.upi.edu/index.php/wafi/index,3,Science
Aquacultura Indonesiana,http://aquasiana.org/index.php/ai,3,Science
JFA (Jurnal Fisika dan Aplikasinya),https://journal.its.ac.id/index.php/jfa,3,Science
Biomedika,http://journals.ums.ac.id/index.php/biomedika,3,"Health, Science"
Journal of Medicine and Health,https://journal.maranatha.edu/index.php/jmh,3,"Health, Science"
Jurnal Pendidikan Matematika dan IPA,http://jurnal.untan.ac.id/index.php/PMP,3,"Science, Education, Agriculture"
Food Scientia: Journal of Food Science and Technology,http://jurnal.ut.ac.id/index.php/foodscientia,3,Science
Jurnal Manajemen Universitas Bung Hatta,https://ejurnal.bunghatta.ac.id/index.php/JMN,3,"Economy, Humanities, Science"
Jurnal Farmasi Galenika (Galenika Journal of Pharmacy),https://bestjournal.untad.ac.id/index.php/Galenika,3,"Health, Science"
Jurnal Keterapian Fisik,http://jurnalketerapianfisik.com,3,"Health, Science"
Jurnal Kimia Terapan Indonesia (Indonesian Journal of Applied Chemistry),http://inajac.lipi.go.id/index.php/InaJAC,3,"Science, Engineering"
METAMORFOSA Journal of Biological Sciences,https://ojs.unud.ac.id/index.php/metamorfosa/index,3,"Science, Agriculture, Social"
Metal Indonesia,http://www.jurnalmetal.or.id/jmi,3,"Science, Engineering"
Jurnal Pendidikan Fisika FKIP UM Metro,https://ojs.fkip.ummetro.ac.id/index.php/fisika,3,"Science, Education"
Jurnal Fourier,http://fourier.or.id,3,"Economy, Science, Education"
Jurnal Inovtek Polbeng Seri Informatika,http://ejournal.polbeng.ac.id/index.php/ISI/issue,3,Science
Global Forest Journal,https://talenta.usu.ac.id/gfj,3,"Science, Agriculture"
Jurnal Pembelajaran dan Biologi Nukleus,http://jurnal.ulb.ac.id/index.php/nukleus,3,"Science, Education, Agriculture, Social"
Indonesian Journal of Curriculum and Educational Technology Studies,https://journal.unnes.ac.id/journals/jktp,3,"Science, Education"
Orbital: Jurnal Pendidikan Kimia,http://jurnal.radenfatah.ac.id/index.php/orbital/issue/archive,3,"Science, Education"
TEKNOLOGI: Jurnal Ilmiah Sistem Informasi,https://journal.unipdu.ac.id/index.php/teknologi,3,Science
IJIES (International Journal of Innovation in Enterprise System),http://ijies.sie.telkomuniversity.ac.id/index.php/IJIES,3,"Science, Engineering"
JURNAL BIOLOGI INDONESIA,https://jurnalbiologi.perbiol.or.id,3,Science
JURNAL PENELITIAN ILMU PENDIDIKAN,https://journal.uny.ac.id/index.php/jpip,3,"Science, Education"
JIPI (JURNAL ILMU PERPUSTAKAAN DAN INFORMASI),http://jurnal.uinsu.ac.id/index.php/jipi,3,Science
The Indonesian Journal of Islamic Economics Research,https://ejournal.uinsalatiga.ac.id/index.php/ijier,3,"Economy, Science, Social"
"FASKES : Jurnal Farmasi, Kesehatan, dan Sains",https://journal.unugiri.ac.id/index.php/faskes,3,"Health, Science"
Jurnal Sistem Informasi (Journal of Information System),http://jsi.cs.ui.ac.id/index.php/jsi,3,Science
Journal of Universal Community Empowerment Provision,https://psppjournals.org/index.php/jucep,3,"Science, Education, Social"
Jurnal Airaha,https://jurnalairaha.org/index.php/airaha,3,"Science, Agriculture, Engineering"
Khazanah: Jurnal Pengembangan Kearsipan,https://jurnal.ugm.ac.id/khazanah,3,"Humanities, Science, Education, Art, Social"
Jurnal Manajemen dan Keuangan,https://ejurnalunsam.id/index.php/jmk,3,"Economy, Science, Education"
Jurnal Penelitian Ekosistem Dipterokarpa,http://ejournal.forda-mof.org/ejournal-litbang/index.php/JPED,3,"Science, Education"
Jurnal Penelitan Ekonomi dan Bisnis,http://publikasi.dinus.ac.id/index.php/jpeb,3,"Economy, Science"
Majalah Ilmiah Biologi Biosfera: A Scientific Journal,https://journal.bio.unsoed.ac.id/index.php/biosfera/index,3,"Science, Agriculture, Social"
Jurnal Telematika,http://journal.ithb.ac.id/telematika,3,"Science, Engineering"
SemanTIK : Teknik Informasi,http://ojs.uho.ac.id/index.php/semantik,3,"Science, Engineering"
Jurnal Penelitian Pembelajaran Fisika,http://journal.upgris.ac.id/index.php/JP2F/index,3,Science
Buletin Pos dan Telekomunikasi,https://bpostel.kominfo.go.id/index.php/bpostel,3,"Science, Social, Engineering"
Pharmademica: Jurnal Kefarmasian dan Gizi,https://jurnal.poltekkespim.ac.id/index.php/pharmademica,3,"Health, Science"
Sisfo: Jurnal Ilmiah Sistem Informasi,https://ojs.unimal.ac.id/sisfo,3,"Science, Education, Engineering"
Biota,https://biota.ac.id/index.php/jb,3,"Health, Science, Education, Agriculture, Social"
Scripta Biologica,http://journal.bio.unsoed.ac.id/index.php/scribio,3,"Science, Agriculture"
Shahih: Journal of Islamicate Multidisciplinary,https://ejournal.uinsaid.ac.id/index.php/shahih/index,3,"Humanities, Science, Education, Art, Social, Religion"
Quantitative Economics and Management Studies,http://jurnal.ahmar.id/index.php/qems,3,"Economy, Science, Education"
Journal Business Administration (JBA): Entrepreneurship and Creative Indutry,https://talenta.usu.ac.id/jba,3,"Economy, Humanities, Science, Social"
Berkala Ilmiah Pendidikan Fisika,https://ppjp.ulm.ac.id/journal/index.php/bipf,3,"Science, Education"
Cakrawala Repositori Imwi,http://cakrawala.imwi.ac.id/index.php/cakrawala,3,"Economy, Humanities, Science, Social, Engineering"
Jurnal Penelitian Kehutanan Faloak,http://ejournal.forda-mof.org/ejournal-litbang/index.php/JPKF/index,3,"Economy, Science, Agriculture, Social"
Jurnal Segara,http://ejournal-balitbang.kkp.go.id/index.php/segara,3,"Science, Social"
JURNAL FISIKA,https://journal.unnes.ac.id/journals/jf,3,Science
VOLT : Jurnal Ilmiah Pendidikan Teknik Elektro,http://jurnal.untirta.ac.id/index.php/VOLT/index,3,"Science, Education, Engineering"
Jurnal Zarah,http://ojs.umrah.ac.id/index.php/zarah,3,"Science, Education"
Jurnal Inovasi Pendidikan Kimia (JIPK),https://journal.unnes.ac.id/journals/JIPK,3,"Science, Education, Engineering"
Jurnal Katalisator,https://publikasi.lldikti10.id/index.php/katalisator,3,"Science, Engineering"
Jurnal Ipteks Terapan : research of applied science and education,http://publikasi.lldikti10.id/index.php/jit,3,Science
Geoid - Journal of Geodesy and Geomatics,https://journal.its.ac.id/index.php/geoid,3,Science
JST (Jurnal Sains dan Teknologi),http://ejournal.undiksha.ac.id/index.php/JST,3,"Science, Education"
Nutrix Journal,http://ejournal.unklab.ac.id/index.php/nutrix,3,"Health, Science, Education"
"International Journal of Engineering, Technology and Natural Sciences (IJETS)",http://journal.uty.ac.id/index.php/IJETS,3,"Science, Engineering"
Jurnal Geografi : Media Informasi Pengembangan dan Profesi Kegeografian,https://journal.unnes.ac.id/journals/jg,3,Science
Media Farmasi : Jurnal Ilmu Farmasi (Journal Of Pharmaceutical Science),http://journal.uad.ac.id/index.php/Media-Farmasi/index,3,"Health, Science"
Jurnal Teknik Industri,https://e-journal.trisakti.ac.id/index.php/tekin,3,"Science, Engineering"
Jurnal Materi dan Pembelajaran Fisika,https://jurnal.uns.ac.id/jmpf,3,"Science, Education"
Jurnal Kelautan Nasional,http://ejournal-balitbang.kkp.go.id/index.php/jkn/issue/archive,3,"Science, Social"
Indonesian Journal Of Chemical Research,https://ojs3.unpatti.ac.id/index.php/ijcr,3,"Science, Agriculture, Social, Engineering"
Jurnal Ilmiah Inovasi,https://publikasi.polije.ac.id/index.php/jii,3,"Science, Education, Agriculture"
INFORMAL: INFORMATICS JOURNAL,http://jurnal.unej.ac.id/index.php/INFORMAL/index,3,Science
Jurnal Manajemen & Supervisi Pendidikan,http://journal2.um.ac.id/index.php/jmsp,3,"Science, Education"
The Accounting Journal of Binaniaga,http://tajb.unbin.ac.id/index.php/ajb,4,"Economy, Science, Social"
ADI Journal on Recent Innovation (AJRI),https://adi-journal.org/index.php/ajri,4,"Religion, Science, Education, Engineering"
Jurnal TEKNO KOMPAK,http://ejurnal.teknokrat.ac.id/index.php/teknokompak,4,Science
JURNAL SISTEM INFORMASI,https://ejournal.unsri.ac.id/index.php/jsi,4,"Science, Education"
Jurnal Komputasi,https://komputasi.fmipa.unila.ac.id/index.php/komputasi,4,"Science, Engineering"
Jurnal Mirai Management,https://journal.stieamkop.ac.id/index.php/mirai,4,"Economy, Science"
Jurnal Kedokteran dan Kesehatan,https://jurnal.umj.ac.id/index.php?journal=kedokteran-dan-kesehatan,4,"Health, Science"
Jurnal Bisnis Hospitaliti,https://ejournal.ppb.ac.id/index.php/jbh,4,Science
Jurnal Riset Inspirasi Manajemen dan Kewirausahaan,https://ejurnal.stimi-bjm.ac.id/index.php/JRIMK,4,Science
SYSTEMIC: Information System and Informatics Journal,http://jurnalsaintek.uinsby.ac.id/index.php/SYSTEMIC,4,Science
J-SAKTI (Jurnal Sains Komputer dan Informatika),http://tunasbangsa.ac.id/ejurnal/index.php/jsakti,4,Science
Journal of Management and Digital Business,https://journal.nurscienceinstitute.id/index.php/jmdb,4,"Economy, Science"
"JMEMME (JOURNAL OF MECHANICAL ENGINEERING, MANUFACTURES, MATERIALS AND ENERGY)",http://ojs.uma.ac.id/index.php/jmemme/issue/archive,4,"Science, Engineering"
TIN: TERAPAN INFORMATIKA NUSANTARA,https://ejurnal.seminar-id.com/index.php/tin,4,"Economy, Health, Science, Education, Art, Social, Engineering"
IMPROVEMENT: Jurnal Ilmiah untuk peningkatan mutu manajemen pendidikan,http://journal.unj.ac.id/unj/index.php/improvement,4,"Science, Education"
Journal of Islamic Education Management,https://jurnalfaktarbiyah.iainkediri.ac.id/index.php/joiem,4,"Science, Education, Social"
JOURNAL OF INFORMATION SYSTEM MANAGEMENT (JOISM),https://jurnal.amikom.ac.id/index.php/joism,4,Science
JURNAL ILMIAH PENDIDIKAN CITRA BAKTI,https://jurnal.citrabakti.ac.id/index.php/jil,4,"Humanities, Science, Education"
Jurnal Ilmiah Sinus,http://p3m.sinus.ac.id/jurnal/index.php/e-jurnal_SINUS/issue/archive,4,"Science, Education"
PROMINE,http://journal.ubb.ac.id/index.php/promine,4,"Science, Social, Engineering"
Jurnal Buana Informatika,http://ojs.uajy.ac.id/index.php/jbi,4,Science
Integrasi: Jurnal Ilmiah Teknik Industri,https://ojs.um-palembang.ac.id/index.php/integrasi,4,Science
Jurnal Manajemen Bisnis,https://journal.umy.ac.id/index.php/mb,4,Science
InfoTekJar : Jurnal Nasional Informatika dan Teknologi Jaringan,https://jurnal.uisu.ac.id/index.php/infotekjar,4,Science
International Journal of Graphic Design,https://journal.stekom.ac.id/index.php/ijgd,4,"Science, Art"
Jurnal Teknik Komputer AMIK BSI,https://jurnal.bsi.ac.id/index.php/jtk,4,Science
Jurnal Ilmiah Edutic : Pendidikan dan Informatika,https://journal.trunojoyo.ac.id/edutic,4,"Science, Education"
Jurnal Kebijakan Publik,https://jkp.ejournal.unri.ac.id/index.php/JKP,4,"Humanities, Science, Social"
Jurnal FASILKOM (teknologi inFormASi dan ILmu KOMputer),https://ejurnal.umri.ac.id/index.php/JIK,4,Science
Management Studies and Entrepreneurship Journal (MSEJ),https://journal.yrpipku.com/index.php/msej,4,Science
UNES LAW REVIEW,http://review-unes.com/index.php/law,4,"Health, Science, Education, Social"
JOURNAL OF SOCIAL DEVELOPMENT,https://ppjp.ulm.ac.id/journals/index.php/JSD,4,"Economy, Science, Education, Agriculture, Engineering"
Adopsi Teknologi dan Sistem Informasi (ATASI),https://e-journals2.unmul.ac.id/index.php/atasi,4,Science
Jurnal Riset Kefarmasian Indonesia,http://jurnalfarmasi.or.id/index.php/jrki,4,"Health, Science"
Jurnal Dharma Bhakti Ekuitas,http://ojs.ekuitas.ac.id/index.php/dharma-bhakti/index,4,"Economy, Science, Education, Social"
Jurnal Iqtisaduna,https://journal.uin-alauddin.ac.id/index.php/Iqtisaduna/index,4,"Economy, Science, Education"
Computer Science and Information Technologies,http://iaesprime.com/index.php/csit,4,"Science, Engineering"
KLIK (Kumpulan jurnaL Ilmu Komputer) (e-Journal),http://klik.ulm.ac.id/index.php/klik,4,Science
"SITEKIN: Jurnal Sains, Teknologi dan Industri",http://ejournal.uin-suska.ac.id/index.php/sitekin,4,"Economy, Science, Education, Engineering"
Kartika : Jurnal Ilmiah Farmasi,http://kjif.unjani.ac.id/index.php/kjif/index,4,"Health, Science"
Indonesian Journal of Islamic Economics and Business,http://e-journal.lp2m.uinjambi.ac.id/ojp/index.php/ijoieb,4,"Religion, Economy, Science, Social"
Kognitif: Jurnal Riset HOTS Pendidikan Matematika,https://etdci.org/journal/kognitif,4,"Science, Education, Social"
Faktor Exacta,http://journal.lppmunindra.ac.id/index.php/Faktor_Exacta,4,"Science, Engineering"
Dirasat: Jurnal Manajemen dan Pendidikan Islam,http://journal.unipdu.ac.id/index.php/dirasat,4,Science
Techno.Com,http://publikasi.dinus.ac.id/index.php/technoc/index,4,"Science, Engineering"
Jurnal Pijar MIPA,http://jurnalfkip.unram.ac.id/index.php/JPM,4,"Science, Education"
"Infomatek: Jurnal Informatika, Manajemen dan Teknologi",https://journal.unpas.ac.id/index.php/infomatek,4,"Science, Social, Engineering"
JPAP (Jurnal Penelitian Administrasi Publik),http://jurnal.untag-sby.ac.id/index.php/jpap/issue/view/261,4,Science
JURNAL EDUCATION AND DEVELOPMENT,http://journal.ipts.ac.id/index.php/ED,4,"Humanities, Science, Education, Agriculture, Art"
Electron: Jurnal Ilmiah Teknik Elektro,https://jurnalelectron.org/index.php/electronubb,4,"Science, Engineering"
JIKO (Jurnal Informatika dan Komputer),https://ejournal.akakom.ac.id/index.php/jiko,4,Science
Jurnal Teknologi,https://jurnal.umj.ac.id/index.php/jurtek,4,Science
ZONAsi : Jurnal Sistem Informasi,https://journal.unilak.ac.id/index.php/zn,4,"Humanities, Science, Education, Social"
Jurnal Pendidikan Fisika Tadulako Online (JPFT),https://jurnal.fkip.untad.ac.id/index.php/jpft/index,4,"Humanities, Science, Education, Social"
JKMP (Jurnal Kebijakan dan Manajemen Publik),https://jkmp.umsida.ac.id/index.php/jkmp/index,4,Science
"Jurnal Saintekom : Sains, Teknologi, Komputer dan Manajemen",https://ojs.stmikplk.ac.id/index.php/saintekom/index,4,Science
Abdine :  Jurnal Pengabdian Masyarakat,https://ejurnal.sttdumai.ac.id/index.php/abdine,4,"Economy, Science, Social, Engineering"
SMARTICS Journal,http://ejournal.unikama.ac.id/index.php/jst,4,"Science, Engineering"
Journal Cerita: Creative Education of Research in Information Technology and Artificial Informatics,http://ejournal.raharja.ac.id/index.php/cerita,4,"Science, Engineering"
"Journal of Computer, Electronic, and Telecommunication (COMPLETE)",https://journal.ittelkom-sby.ac.id/complete,4,"Science, Engineering"
Jurasik (Jurnal Riset Sistem Informasi dan Teknik Informatika),http://tunasbangsa.ac.id/ejurnal/index.php/jurasik,4,Science
JUPIKA: JURNAL PENDIDIKAN MATEMATIKA,https://e-journal.uniflor.ac.id/index.php/jupika,4,"Humanities, Science, Education"
Jurnal Optimasi Teknik Industri (JOTI),https://journal.lppmunindra.ac.id/index.php/JOTI,4,"Science, Engineering"
Techno Nusa Mandiri : Journal of Computing and Information Technology,http://ejournal.nusamandiri.ac.id/index.php/techno,4,Science
Realita: Jurnal Penelitian dan Kebudayaan Islam,http://jurnallppm.iainkediri.ac.id/index.php/realita,4,"Religion, Economy, Science, Education, Social"
Jurnal Mantik,https://iocscience.org/ejournal/index.php/mantik/index,4,"Economy, Science, Education"
SISFOTENIKA,https://ojs.stmikpontianak.ac.id/index.php/sisfotenika,4,Science
Journal of Business Studies and Management Review,https://online-journal.unja.ac.id/jbsmr,4,"Science, Social"
Jurnal Hasil Pengabdian Masyarakat (JURIBMAS),https://ejurnal.lkpkaryaprima.id/index.php/juribmas,4,"Science, Education, Social, Engineering"
FISIO MU: Physiotherapy Evidences,https://journals2.ums.ac.id/index.php/fisiomu,4,"Health, Science"
JITU : Journal Informatic Technology And Communication,http://ejournal.uby.ac.id/index.php/jitu,4,"Science, Engineering"
Jurnal Pengabdian Masyarakat dan aplikasi Teknologi,http://ejurnal.itats.ac.id/adipati,4,"Science, Education, Engineering"
Darussalam Nutrition Journal,https://ejournal.unida.gontor.ac.id/index.php/nutrition,4,"Health, Science"
Samakia : Jurnal Ilmu Perikanan,https://journal.ibrahimy.ac.id/index.php/JSAPI/index,4,"Science, Engineering"
Mitra Mahajana: Jurnal Pengabdian Masyarakat,https://e-journal.uniflor.ac.id/index.php/mahajana,4,"Health, Science, Education, Agriculture, Social, Engineering"
DeReMa (Development Research of Management): Jurnal Manajemen,http://ojs.uph.edu/index.php/DJM/about,4,Science
Techne : Jurnal Ilmiah Elektroteknika,https://jurnaltechne.org,4,"Science, Engineering"
Jurnal Pengabdian Kepada Masyarakat Abdi Putra,https://abdiputra.nusaputra.ac.id/index,4,"Humanities, Health, Science, Education, Engineering"
Physical Therapy Journal of Indonesia,http://ptji.online/ojs/index.php/ptji,4,"Health, Science"
Jurnal Serambi Engineering,http://ojs.serambimekkah.ac.id/index.php/jse/index,4,"Science, Social, Engineering"
Jurnal Ilmiah Ilmu-Ilmu Peternakan,http://online-journal.unja.ac.id/index.php/jiip,4,"Science, Agriculture, Social"
Symbiotic: Journal of Biological Education and Science,https://symbiotic.jurnal.iainkerinci.ac.id/index.php/symbiotic,4,"Science, Education, Agriculture, Social"
Jurnal Riset Informatika,http://ejournal.kresnamediapublisher.com/index.php/jri,4,Science
INTER TECH,https://ejournal.ubhara.ac.id/intertech,4,"Science, Engineering"
Journal of Management and Administration Provision,https://psppjournals.org/index.php/jmap,4,"Economy, Science, Social"
"Sibatik Journal : Jurnal Ilmiah Bidang Sosial, Ekonomi, Budaya, Teknologi, Dan Pendidikan",https://publish.ojs-indonesia.com/index.php/SIBATIK,4,"Economy, Science, Education, Art, Social"
Societas : jurnal Ilmu Administrasi Dan Sosial,https://ejournal.unmus.ac.id/index.php/societas,4,"Science, Social"
Abdimasku : Jurnal Pengabdian Masyarakat,http://abdimasku.lppm.dinus.ac.id/index.php/jurnalabdimasku,4,"Economy, Health, Science, Social, Engineering"
J-Intech (Journal of Information and Technology),https://jurnal.ubhinus.ac.id/J-INTECH,4,Science
JURNAL Al-AZHAR INDONESIA SERI SAINS DAN TEKNOLOGI,http://jurnal.uai.ac.id/index.php/SST,4,"Health, Science, Engineering"
Jurnal Pengabdian Masyarakat untuk Negeri (UN-PENMAS),https://jurnal.narotama.ac.id/index.php/un-penmas,4,"Economy, Humanities, Science, Education, Social, Engineering"
Jurnal Ilmiah Teknologi Informasi Asia,https://jurnal.stmikasia.ac.id/index.php/jitika,4,Science
Jurnal Biologi Tropis,http://jurnalfkip.unram.ac.id/index.php/JBT,4,"Science, Agriculture"
Jurnal Manajemen Stratejik dan Simulasi Bisnis,http://jmassbi.fekon.unand.ac.id/index.php/mssb,4,"Economy, Science"
Jurnal Abdi Insani,http://abdiinsani.unram.ac.id/index.php/jurnal,4,"Economy, Health, Science, Education, Agriculture, Social, Engineering"
JPF (Jurnal Pendidikan Fisika) Universitas Islam Negeri Alauddin Makassar,http://journal.uin-alauddin.ac.id/index.php/PendidikanFisika/index,4,"Science, Education"
al-Iltizam: Jurnal Pendidikan Agama Islam,https://jurnal.iainambon.ac.id/index.php/ALT,4,"Science, Education, Social"
JSM (Jurnal SIFO Mikroskil),https://www.mikroskil.ac.id/ejurnal/index.php/jsm,4,Science
Jurnal Penelitian Ilmu-Ilmu Kelaman Buana Sains,http://jurnal.unitri.ac.id/index.php/buanasains,4,"Science, Education"
Jurnal Biologi Universitas Andalas,http://jbioua.fmipa.unand.ac.id/index.php/jbioua/index,4,"Science, Agriculture"
JE (Journal of Empowerment),https://jurnal.unsur.ac.id/je,4,"Science, Education, Agriculture, Social"
SELAPARANG : Jurnal Pengabdian Masyarakat Berkemajuan,http://journal.ummat.ac.id/index.php/jpmb/index,4,"Economy, Health, Science, Education, Agriculture, Social, Engineering"
"TEKNOSAINS: Jurnal Sains, Teknologi dan Informatika",https://jurnal.sttmcileungsi.ac.id/index.php/tekno,4,"Religion, Economy, Humanities, Health, Science, Education, Agriculture, Art, Social, Engineering"
JENIUS: Jurnal Terapan Teknik Industri,http://jurnal.sttmcileungsi.ac.id/index.php/jenius,4,"Science, Engineering"
Journal of Tropical Chemistry Research and Education,http://ejournal.uin-suka.ac.id/tarbiyah/index.php/jtcre,4,"Science, Education"
"MOTIVECTION : Journal of Mechanical, Electrical and Industrial Engineering",http://motivection.imeirs.org/index.php/motivection,4,"Science, Engineering"
AgriPeat,http://e-journal.upr.ac.id/index.php/AGP,4,"Science, Agriculture, Engineering"
Quantum: Jurnal Inovasi Pendidikan Sains,http://ppjp.ulm.ac.id/journal/index.php/quantum/index,4,"Science, Education"
Kappa Journal,http://e-journal.hamzanwadi.ac.id/index.php/kpj,4,"Science, Education"
Jurnal Ilmiah Biosaintropis (Bioscience-Tropic),http://biosaintropis.unisma.ac.id,4,"Health, Science, Agriculture, Social"
"TELEKONTRAN: Jurnal Ilmiah Telekomunikasi, Kendali dan Elektronika Terapan",https://ojs.unikom.ac.id/index.php/telekontran/index,4,"Science, Engineering"
Indonesian Journal of Chemical Science,https://journal.unnes.ac.id/journals/ijcs,4,"Science, Engineering"
Jurnal PETISI (Pendidikan Teknologi Informasi),https://e-journal.unimudasorong.ac.id/index.php/jurnalpetisi/home,4,"Science, Education"
AMERTA,https://ejournal.brin.go.id/amerta,4,"Humanities, Science, Education, Art, Social"
Jurnal Pengabdian Kepada Masyarakat Abdi Nusa,https://abdinusa.nusaputra.ac.id/index,4,"Humanities, Health, Science, Education, Engineering"
EL-IDARE: JURNAL MANAJEMEN PENDIDIKAN ISLAM,http://jurnal.radenfatah.ac.id/index.php/El-idare,4,Science
Computatio: Journal of Computer Science and Information Systems,http://journal.untar.ac.id/index.php/computatio/index,4,Science
Jurnal Sisfotek Global,https://journal.global.ac.id/index.php/sisfotek,4,Science
"JURNAL AKUNTANSI, MANAJEMEN DAN EKONOMI",http://jos.unsoed.ac.id/index.php/jame,4,"Economy, Science"
Prima Ekonomika,http://jurnal.stieykp.ac.id/index.php/prima-ekonomika/issue/archive,4,"Economy, Science, Social"
JIEET (Journal of Information Engineering and Educational Technology),https://journal.unesa.ac.id/index.php/jieet,4,"Science, Education"
Juara: Jurnal Riset Akuntansi,https://e-journal.unmas.ac.id/index.php/juara,4,Science
Jurnal Ilmu Manajemen,https://journal.uny.ac.id/index.php/jim,4,Science
Computing and Education Technology Journal,https://ppjp.ulm.ac.id/journals/index.php/cetj,4,"Science, Education"
Bio-Lectura,http://journal.unilak.ac.id/index.php/BL,4,"Science, Education, Agriculture"
Journal of Health (JoH),http://journal.gunabangsa.ac.id/index.php/joh,4,"Health, Science"
Jurnal SITECH : Sistem Informasi dan Teknologi,https://jurnal.umk.ac.id/index.php/sitech/index,4,Science
Indonesian Journal of Economics and Management,https://jurnal.polban.ac.id/ijem,4,"Economy, Science"
Jurnal Ilmu dan Teknologi Peternakan,http://journal.unhas.ac.id/index.php/peternakan,4,Science
Jurnal Pengabdian Inovasi dan Teknologi Kepada Masyarakat,https://rumahjurnal.or.id/index.php/JUDISTIRA,4,"Economy, Science, Education, Art"
Sinteza,https://e-journal.hamzanwadi.ac.id/index.php/sinteza,4,"Health, Science"
Komatika: Jurnal Pengabdian Kepada Masyarakat,https://ejournal.ikado.ac.id/index.php/komatika,4,"Humanities, Science, Education, Social"
Jurnal Ilmiah Fillia Cendekia,http://ejournal.uniska-kediri.ac.id/index.php/FilliaCendekia/issue,4,"Health, Science, Education"
Jurnal Ilmu dan Teknologi Kesehatan,https://ejurnal.poltekkesjakarta3.ac.id/index.php/jitek,4,"Health, Science"
Jurnal Keperawatan Terapan,https://ojs.poltekkes-malang.ac.id/JKT,4,"Health, Science"
"Jurnal Pendidikan, Sains, Geologi, dan Geofisika (GeoScienceEd Journal)",http://jpfis.unram.ac.id/index.php/GeoScienceEdu,4,"Science, Education, Agriculture"
Jurnal Hilirisasi IPTEKS,http://hilirisasi.lppm.unand.ac.id/index.php/hilirisasi/home,4,"Health, Science, Education, Agriculture, Engineering"
JURNAL TEKNOLOGI DAN OPEN SOURCE,http://ejournal.uniks.ac.id/index.php/JTOS,4,Science
(IJAI) Indonesian Journal of Applied Informatics,https://jurnal.uns.ac.id/ijai,4,Science
"JASIEK (Jurnal Aplikasi Sains, Informasi, Elektronika dan Komputer)",http://jurnal.unmer.ac.id/index.php/jasiek,4,"Science, Education, Engineering"
Information System For Educators and Professionals,http://ejournal-binainsani.ac.id/index.php/ISBI,4,"Science, Education, Engineering"
Smart Comp :Jurnalnya Orang Pintar Komputer,https://ejournal.poltekharber.ac.id/index.php/smartcomp,4,"Science, Engineering"
ORBITA: Jurnal Pendidikan dan Ilmu Fisika,http://journal.ummat.ac.id/index.php/orbita,4,"Science, Education"
INFORMASI,https://journal.uny.ac.id/index.php/informasi,4,"Science, Education"
Journal of Tourism Sustainability,https://jtos.polban.ac.id/jtospolban,4,"Humanities, Science, Social"
"MAKNA: Jurnal Kajian Komunikasi, Bahasa dan Budaya",https://jurnal.unismabekasi.ac.id/index.php/makna/index,4,"Humanities, Science, Education, Art"
Jurnal Ilmiah Komputasi,http://ejournal.jak-stik.ac.id/index.php/komputasi,4,Science
"Accounting Information System, Taxes, and Auditing Journal (AISTA)",https://akuntansi.pnp.ac.id/aista/index.php/aista,4,"Economy, Science"
Journal of Industrial Engineering Management,https://jurnal.teknologiindustriumi.ac.id/index.php/JIEM/issue/archive,4,"Science, Engineering"
Jurnal Geosapta,https://ppjp.ulm.ac.id/journal/index.php/geosapta/index,4,"Science, Social, Engineering"
Pro-Life,http://ejournal.uki.ac.id/index.php/prolife,4,"Science, Education, Agriculture"
MINERAL,https://journal.ubb.ac.id/index.php/mineral,4,"Science, Social, Engineering"
"International Review of Practical Innovation, Technology and Green Energy (IRPITAGE)",https://radjapublika.com/index.php/IRPITAGE,4,"Humanities, Science, Education, Social"
Al Tijarah,http://ejournal.unida.gontor.ac.id/index.php/altijarah,4,"Economy, Science"
J-DEPACE (Journal of Dedication to Papua Community) Jurnal Pengabdian Masyarakat,http://jurnal.lpmiunvic.ac.id/index.php/jpkm,4,"Economy, Humanities, Science, Education, Social"
Newton-Maxwell Journal of Physics,https://ejournal.unib.ac.id/nmj,4,"Science, Engineering"
Techno: Jurnal Penelitian,https://ejournal.unkhair.ac.id/index.php/Techno,4,"Science, Agriculture, Engineering"
BioEksakta : Jurnal Ilmiah Biologi Unsoed,http://jos.unsoed.ac.id/index.php/bioe,4,"Health, Science, Agriculture"
Pustakaloka : Jurnal Kajian Informasi dan Perpustakaan,http://jurnal.iainponorogo.ac.id/index.php/pustakaloka,4,Science
Jurnal Kedokteran dan Kesehatan : Publikasi Ilmiah Fakultas Kedokteran Universitas Sriwijaya,https://jkk-fk.ejournal.unsri.ac.id/index.php/jkk,4,"Health, Science"
Jurnal Riset Sains dan Kimia Terapan,http://journal.unj.ac.id/unj/index.php/jrskt,4,Science
Jurnal Agroqua: Media Informasi Agronomi dan Budidaya Perairan,https://journals.unihaz.ac.id/index.php/agroqua/index,4,"Science, Agriculture"
"Paradigma: Jurnal Masalah Sosial, Politik, dan Kebijakan",http://jurnal.upnyk.ac.id/index.php/paradigma,4,Science
JIPHO (Jurnal Ilmiah Peternakan Halu Oleo),https://jipho.uho.ac.id/index.php/journal,4,"Health, Science, Agriculture"
"Best : Journal of Applied Electrical, Science and Technology",http://jurnal.unipasby.ac.id/index.php/best,4,"Science, Engineering"
Warta Pengabdian Andalas: Jurnal Ilmiah Pengembangan Dan Penerapan Ipteks,http://wartaandalas.lppm.unand.ac.id/index.php/jwa,4,"Health, Science, Education, Social"
Algoritme Jurnal Mahasiswa Teknik Informatika,https://jurnal.mdp.ac.id/index.php/algoritme,4,Science
Journal of Industrial View,https://jurnal.unmer.ac.id/index.php/jiv,4,"Science, Engineering"
Jurnal Riset Pendidikan Kimia (JRPK),http://journal.unj.ac.id/unj/index.php/jrpk/index,4,"Science, Education, Engineering"
Jurnal Empower: Jurnal Pengembangan Masyarakat Islam,https://journal1.uinssc.ac.id/index.php/empower,4,"Humanities, Science, Art, Social"
JOURNAL OF CHEMICAL NATURAL RESOURCES (JCNaR),https://talenta.usu.ac.id/JCNaR,4,Science
KOVALEN: Jurnal Riset Kimia,https://bestjournal.untad.ac.id/index.php/kovalen,4,Science
Jurnal Riset Manajemen Sains Indonesia (JRMSI),http://journal.unj.ac.id/unj/index.php/jrmsi,4,"Economy, Science, Social"
Journal of Tropical Pharmacy and Chemistry,https://jtpc.ff.unmul.ac.id,4,"Health, Science, Agriculture, Engineering"
Jurnal Ilmiah MITSU (Media Informasi Teknik Sipil Universitas Wiraraja),https://ejournalwiraraja.com/index.php/FT/issue/archive,4,"Science, Social, Engineering"
BIOLOVA,https://scholar.ummetro.ac.id/index.php/biolova/home,4,"Science, Education, Agriculture"
Berkala Ilmu Kesehatan Kulit dan Kelamin,https://e-journal.unair.ac.id/index.php/BIKK,4,"Health, Science"
Bulletin of Scientific Contribution,http://jurnal.unpad.ac.id/bsc,4,Science
"Jurnal Ilmiah MEA (Manajemen, Ekonomi, dan Akuntansi)",http://journal.stiemb.ac.id/index.php/mea,4,"Economy, Science"
Jurnal Geomine,https://jurnal.teknologiindustriumi.ac.id/index.php/JG,4,Science
Indonesian Journal of Pure and Applied Chemistry,http://jurnal.untan.ac.id/index.php/IJoPAC,4,Science
Rekayasa Bahan Alam dan Energi Berkelanjutan,http://rbaet.ub.ac.id/index.php/rbaet,4,"Science, Social, Engineering"
Jurnal Energi dan Manufaktur,https://ojs.unud.ac.id/index.php/jem,4,"Science, Engineering"
Jurnal Informatika dan Multimedia,https://jurnal.polinema.ac.id/index.php/jtim/index,4,Science
"PharmaCine: Journal of Pharmacy, Medical and Health Science",https://jhs.unsika.ac.id/index.php/pharmac/index,4,"Health, Science"
Public Policy : Jurnal Aplikasi Kebijakan Publik dan Bisnis,https://stia-saidperintah.e-journal.id/ppj,4,"Economy, Science, Social"
Borneo Nursing Journal,https://bnj.akys.ac.id/BNJ/index,4,"Health, Science"
SIMBIOSA,https://www.journal.unrika.ac.id/index.php/simbiosajournal/index,4,"Science, Agriculture"
Jurnal IPTEK,https://ejurnal.itats.ac.id/iptek,4,"Science, Engineering"
Jurnal IPA Terpadu,https://ojs.unm.ac.id/ipaterpadu,4,"Science, Education, Agriculture"
Research In Chemical Engineering,https://ejournal.ump.ac.id/rice,4,"Science, Engineering"
Biologica Samudra,https://ejurnalunsam.id/index.php/jbs,4,"Health, Science, Agriculture, Social"
Edulib:  Journal of Library and Information Science,http://ejournal.upi.edu/index.php/edulib/issue/view/598,4,Science
"CESS (Journal of Computer Engineering, System and Science)",http://jurnal.unimed.ac.id/2012/index.php/cess,4,Science
Jurnal Penelitian Saintek,http://journal.uny.ac.id/index.php/saintek,4,Science
Jurnal Ruaya : Jurnal Penelitian dan Kajian Ilmu Perikanan dan Kelautan,http://openjurnal.unmuhpnk.ac.id/index.php/JR,4,"Science, Education"
Innofarm : Jurnal Inovasi Pertanian,http://ejurnal.unisri.ac.id/index.php/innofarm,4,"Science, Agriculture, Social"
Jurnal Manajemen Dan Kewirausahaan,http://ojs.uho.ac.id/index.php/manajemen,4,"Economy, Humanities, Science, Social"
Abdi Masyarakat UIKA,https://pkm.uika-bogor.ac.id/index.php/amk,4,"Religion, Economy, Humanities, Health, Science, Education, Social"
"JGGAG (Journal of Games, Game Art, and Gamification)",http://gamenetwork.university-id.net/journal/index.php/jggag/index,4,"Science, Art"
Radioterapi & Onkologi Indonesia,http://www.pori.or.id/journal/index.php/JORI,4,"Health, Science, Education"
STRING (Satuan Tulisan Riset dan Inovasi Teknologi),https://journal.lppmunindra.ac.id/index.php/STRING/issue/archive,4,Science
Jurnal Pengabdian Kepada Masyarakat,https://journal.yp3a.org/index.php/pakmas,4,"Economy, Humanities, Health, Science, Education, Art, Social, Engineering"
Jurnal Elektro dan Telekomunikasi Terapan,http://journals.telkomuniversity.ac.id/jett,4,"Science, Education, Engineering"
Indonesian Science Education Research (ISER),https://jurnal.unimed.ac.id/2012/index.php/iser,4,"Science, Education"
Berkala Sainstek,http://jurnal.unej.ac.id/index.php/BST,4,"Science, Education, Agriculture"
Natural Science: Journal of Science and Technology,http://jurnal.untad.ac.id/jurnal/index.php/ejurnalfmipa/index,4,Science
Jurnal Ilmiah Hijau Cendekia,http://ejournal.uniska-kediri.ac.id/index.php/HijauCendekia/issue/archive,4,Science
Spatial : Wahana Komunikasi dan Informasi Geografi,http://journal.unj.ac.id/unj/index.php/spatial/index,4,Science
Economics and Digital Business Review,https://ojs.stieamkop.ac.id/index.php/ecotal,4,"Economy, Humanities, Science"
Jurnal Sains & Teknologi Lingkungan,https://journal.uii.ac.id/JSTL,4,"Science, Education"
Geo-Image,https://journal.unnes.ac.id/journals/geoimage,4,Science
Konstelasi: Konvergensi Teknologi dan Sistem Informasi,https://ojs.uajy.ac.id/index.php/konstelasi,4,Science
Majalah Bisnis & IPTEK,https://jurnal.stiepas.ac.id/index.php/bistek,4,Science
JURNAL TAM (TECHNOLOGY ACCEPTANCE MODEL),http://jurnal.stmikpringsewu.ac.id/index.php/file1/issue/archive,4,Science
Jurnal Informatika,http://jurnalinformatika.petra.ac.id,4,Science
Journal of Computer Science and Informatics Engineering (J-Cosine),https://jcosine.if.unram.ac.id/index.php/jcosine/index,4,Science
Jurnal Manajemen Dayasaing,https://journals2.ums.ac.id/index.php/dayasaing,4,Science
"PROCESSOR Jurnal Ilmiah Sistem Informasi, Teknologi Informasi dan Sistem Komputer",https://ejournal.unama.ac.id/index.php/processor,4,Science
Jurnal Kimia Mulawarman,http://jurnal.kimia.fmipa.unmul.ac.id/index.php/JKM,4,Science
Jurnal Pasar Modal dan Bisnis,http://jurnal.ticmi.co.id/index.php/jpmb,4,"Economy, Science, Social"
Jurnal Sains dan Informatika : Research of Science and Informatic,http://publikasi.lldikti10.id/index.php/jsi/issue/archive,4,Science
JSM (Jurnal Surya Medika),http://journal.umpr.ac.id/index.php/jsm,4,"Health, Science"
Jurnal Sains dan Informatika,https://jsi.politala.ac.id/index.php/JSI,4,"Science, Education, Engineering"
Jurnal TAM (Technology Acceptance Model),http://ojs.stmikpringsewu.ac.id/index.php/JurnalTam,4,Science
Kareba : Jurnal Ilmu Komunikasi,http://journal.unhas.ac.id/index.php/kareba,4,"Science, Education"
"Journal Physical Education, Health and Recreation",https://jurnal.unimed.ac.id/2012/index.php/jpehr/index,4,"Health, Science"
JICTE (Journal of Information and Computer Technology Education),https://jicte.umsida.ac.id/index.php/jicte,4,Science
Journal of Artificial Intelligence and Technology Information,https://ejournal.techcart-press.com/index.php/jaiti,4,"Science, Engineering"
NJCA (Nusantara Journal of Computers and Its Applications),https://journal.csnu.or.id/index.php/njca/issue/archive,4,"Science, Education, Engineering"
Menara Ilmu : Jurnal Penelitian dan Kajian Ilmiah,https://jurnal.umsb.ac.id/index.php/menarailmu/index,4,"Science, Education, Agriculture"
"Demandia : Jurnal Desain Komunikasi Visual, Manajemen Desain, dan Periklanan",http://journals.telkomuniversity.ac.id/demandia,4,"Science, Education, Art"
Sainmatika: Jurnal Ilmiah Matematika dan Ilmu Pengetahuan Alam,https://jurnal.univpgri-palembang.ac.id/index.php/sainmatika/index,4,"Science, Education, Agriculture"
Ulead : Jurnal E-pengabdian,http://ejournal.ust.ac.id/index.php/ULEAD,4,Science
Akta Kimia Indonesia,https://journal.its.ac.id/index.php/kimia,4,Science
ALVEOLI: Jurnal Pendidikan Biologi,https://alveoli.uinkhas.ac.id/index.php/alv,4,"Science, Education, Agriculture"
Jurnal Informatika,http://jurnal.darmajaya.ac.id/index.php/JurnalInformatika/index,4,Science
MAJALAH PATOLOGI INDONESIA,http://majalahpatologiindonesia.com,4,"Health, Science"
JFMR (Journal of Fisheries and Marine Research),http://jfmr.ub.ac.id/index.php/jfmr,4,"Science, Agriculture, Social, Engineering"
J-MIND Jurnal Manajemen Indonesia,https://ojs.unimal.ac.id/jmi,4,"Economy, Science, Social"
Jurnal Komunikasi,https://journal.trunojoyo.ac.id/komunikasi,4,Science
Jurnal Konversi,https://jurnal.umj.ac.id/index.php/konversi,4,"Science, Engineering"
Jukung (Jurnal Teknik Lingkungan),https://ppjp.ulm.ac.id/journal/index.php/jukung,4,"Science, Agriculture, Social, Engineering"
Buletin Peternakan Tropis (Bulletin of Tropical Animal Science),https://ejournal.unib.ac.id/index.php/buletin_pt,4,"Science, Agriculture"
Jurnal Sumberdaya Hayati,http://journal.ipb.ac.id/index.php/sumberdayahayati/index,4,"Science, Agriculture"
Bisma: Jurnal Bisnis dan Manajemen,https://jurnal.unej.ac.id/index.php/BISMA,4,"Economy, Science, Education"
Jurnal Pena Sains: Jurnal Pendidikan Sains dan Sains Murni,http://journal.trunojoyo.ac.id/penasains/index,4,"Science, Education, Agriculture"
CAKRA KIMIA (Indonesian E-Journal of Applied Chemistry),https://ojs.unud.ac.id/index.php/cakra,4,"Science, Engineering"
Jurnal Neutrino : jurnal fisika dan aplikasinya,http://ejournal.uin-malang.ac.id/index.php/NEUTRINO/index,4,Science
Al-Abshar: Journal of Islamic Education Management,https://ejournal.staiduba.ac.id/index.php/alabshar,4,Science
Positif : Jurnal Sistem dan Teknologi Informasi,http://ejurnal.poliban.ac.id/index.php/Positif/index,4,Science
"CHIPSET (Journal on Computer Hardware, Signal Processing, Embedded System and Networking)",http://chipset.fti.unand.ac.id/index.php/chipset,4,"Science, Engineering"
GALENICAL : Jurnal Kedokteran dan Kesehatan Mahasiswa Malikussaleh,https://ojs.unimal.ac.id/galenical,4,"Health, Science, Education"
Inovasi: Jurnal Ilmiah Ilmu Manajemen,http://openjournal.unpam.ac.id/index.php/Inovasi/index,4,Science
PUBLIS (Publication Library and Information Science),http://journal.umpo.ac.id/index.php/PUBLIS/index,4,Science
Lembaran Publikasi Minyak dan Gas Bumi,https://journal.lemigas.esdm.go.id/index.php/LPMGB,4,Science
Journal Sampurasun : Interdisciplinary Studies for Cultural Heritage,http://journal.unpas.ac.id/index.php/sampurasun,4,"Humanities, Science, Education, Social, Engineering"
"JOINCS (Journal of Informatics, Network, and Computer Science)",https://joincs.umsida.ac.id/index.php/joincs,4,Science
